{
    "6572-1136": [
        62,
        61.72596772409099
    ],
    "3348-1443": [
        62,
        61.72596790270836
    ],
    "6572-1443": [
        62,
        61.725967656802936
    ],
    "3308-1443": [
        62,
        61.72596764959883
    ],
    "3308-1136": [
        62,
        61.72596790372336
    ]
}