{
    "25801-1384": [
        1,
        0.6518654823303223
    ],
    "36425-1407": [
        1,
        0.6488094925880432
    ],
    "13484-1068": [
        1,
        0.6443678736686707
    ],
    "13484-1060": [
        1,
        0.6399316191673279
    ],
    "25801-1060": [
        1,
        0.6356553435325623
    ],
    "6744-989": [
        1,
        0.6330441236495972
    ],
    "36425-1384": [
        1,
        0.6292777061462402
    ],
    "13484-757": [
        1,
        0.6264327764511108
    ],
    "28095-1068": [
        1,
        0.6237943768501282
    ],
    "36425-1068": [
        1,
        0.6207826733589172
    ],
    "6744-454": [
        1,
        0.6178215146064758
    ],
    "28095-454": [
        1,
        0.6151545643806458
    ],
    "13484-454": [
        1,
        0.6123552322387695
    ],
    "25801-989": [
        1,
        0.6098453402519226
    ],
    "36425-976": [
        1,
        0.6072969436645508
    ],
    "5377-1384": [
        1,
        0.6046993136405945
    ],
    "6744-1060": [
        1,
        0.6023719310760498
    ],
    "13484-1384": [
        1,
        0.600124180316925
    ],
    "18917-686": [
        1,
        0.597877562046051
    ],
    "28095-989": [
        1,
        0.5957341194152832
    ],
    "25236-757": [
        1,
        0.5935233235359192
    ],
    "36425-978": [
        1,
        0.5912330746650696
    ],
    "25801-832": [
        1,
        0.5891389846801758
    ],
    "5377-832": [
        1,
        0.5869935750961304
    ],
    "6744-686": [
        1,
        0.5848314166069031
    ],
    "25236-454": [
        1,
        0.5825597643852234
    ],
    "25236-976": [
        1,
        0.5805700421333313
    ],
    "18917-1068": [
        1,
        0.5783538818359375
    ],
    "18917-835": [
        1,
        0.5764051675796509
    ],
    "5377-686": [
        1,
        0.5745400786399841
    ],
    "36425-757": [
        1,
        0.5725752711296082
    ],
    "18917-454": [
        1,
        0.5706148743629456
    ],
    "28095-1029": [
        1,
        0.5686550140380859
    ],
    "25236-1068": [
        1,
        0.5667272806167603
    ],
    "25236-978": [
        1,
        0.5648319721221924
    ],
    "24558-989": [
        1,
        0.5629359483718872
    ],
    "24558-978": [
        1,
        0.5611181855201721
    ],
    "6744-1407": [
        1,
        0.5593095421791077
    ],
    "13484-686": [
        1,
        0.5575079321861267
    ],
    "28095-1246": [
        1,
        0.5557830929756165
    ],
    "5377-454": [
        1,
        0.5540753602981567
    ],
    "24558-757": [
        1,
        0.5523367524147034
    ],
    "18917-1384": [
        1,
        0.5505532622337341
    ],
    "25236-1384": [
        1,
        0.5488364696502686
    ],
    "36425-832": [
        1,
        0.5470478534698486
    ],
    "24558-976": [
        1,
        0.5453745126724243
    ],
    "6744-1068": [
        1,
        0.5437154173851013
    ],
    "25236-835": [
        1,
        0.5421057939529419
    ],
    "48809-1068": [
        1,
        0.5405684113502502
    ],
    "25801-454": [
        1,
        0.5389528870582581
    ],
    "24558-1246": [
        1,
        0.537401020526886
    ],
    "24558-1029": [
        1,
        0.535847544670105
    ],
    "13484-989": [
        1,
        0.5342147350311279
    ],
    "18917-978": [
        1,
        0.5326632261276245
    ],
    "28095-832": [
        1,
        0.5311280488967896
    ],
    "25236-1029": [
        1,
        0.529627799987793
    ],
    "36425-989": [
        1,
        0.5281611084938049
    ],
    "48809-1183": [
        1,
        0.5267627835273743
    ],
    "5377-976": [
        1,
        0.5252963304519653
    ],
    "24558-1103": [
        1,
        0.5238855481147766
    ],
    "6744-757": [
        1,
        0.5224278569221497
    ],
    "25236-1183": [
        1,
        0.5210728049278259
    ],
    "26154-978": [
        1,
        0.5197146534919739
    ],
    "24558-1201": [
        1,
        0.5183113217353821
    ],
    "18917-1246": [
        1,
        0.5169870257377625
    ],
    "28095-976": [
        1,
        0.5156587958335876
    ],
    "24558-1130": [
        1,
        0.5143135190010071
    ],
    "36425-454": [
        1,
        0.5130563974380493
    ],
    "13484-832": [
        1,
        0.5117904543876648
    ],
    "48809-835": [
        1,
        0.5105369687080383
    ],
    "24558-1209": [
        1,
        0.5093303322792053
    ],
    "5377-757": [
        1,
        0.5080637335777283
    ],
    "28095-1384": [
        1,
        0.5068367123603821
    ],
    "25236-1050": [
        1,
        0.5056363940238953
    ],
    "18917-757": [
        1,
        0.5044435262680054
    ],
    "6744-1234": [
        1,
        0.5033316612243652
    ],
    "26154-1029": [
        1,
        0.502128541469574
    ],
    "25801-1068": [
        1,
        0.5008773803710938
    ],
    "24558-1183": [
        0,
        0.4996950924396515
    ]
}